KF848938.1 72 A G 99,96%
KF848938.1 117 C T 99,82%
KF848938.1 254 A G 0,17%
KF848938.1 276 A G 0,17%
KF848938.1 307 C T 0,94%
KF848938.1 340 T C 0,17%
KF848938.1 389 T C 0,22%
KF848938.1 691 A G 0,17%
KF848938.1 722 A G 0,2%
KF848938.1 744 A G 0,17%
KF848938.1 774 T C 99,96%
KF848938.1 802 A G 0,23%
KF848938.1 859 A G 0,18%
KF848938.1 915 T C 0,19%
KF848938.1 999 C T 99,86%
KF848938.1 1043 A G 0,18%
KF848938.1 1086 A G 0,21%
KF848938.1 1213 A G 0,22%
KF848938.1 1260 A C 99,94%
KF848938.1 1280 T C 0,18%
KF848938.1 1458 T C 0,84%
