KF848938.1 38 T C 0,66%
KF848938.1 54 T C 0,3%
KF848938.1 72 A G 0,3%
KF848938.1 95 A G 0,24%
KF848938.1 117 C T 0,3%
KF848938.1 165 T C 0,24%
KF848938.1 183 A G 0,3%
KF848938.1 216 A G 0,22%
KF848938.1 218 A G 0,28%
KF848938.1 222 T C 0,26%
KF848938.1 235 T C 0,25%
KF848938.1 254 A G 0,25%
KF848938.1 276 A G 0,22%
KF848938.1 297 T C 0,2%
KF848938.1 328 T C 0,2%
KF848938.1 340 T C 0,23%
KF848938.1 356 A G 0,22%
KF848938.1 370 A G 0,21%
KF848938.1 389 T C 0,23%
KF848938.1 409 T C 0,22%
KF848938.1 414 T C 0,28%
KF848938.1 421 A G 0,18%
KF848938.1 426 A G 0,19%
KF848938.1 463 A G 0,19%
KF848938.1 516 A G 0,2%
KF848938.1 566 A G 0,22%
KF848938.1 595 G T 0,34%
KF848938.1 597 A G 0,17%
KF848938.1 660 A G 0,2%
KF848938.1 670 A G 0,29%
KF848938.1 691 A G 0,23%
KF848938.1 722 A G 0,23%
KF848938.1 744 A G 0,21%
KF848938.1 774 T C 0,3%
KF848938.1 859 A G 0,27%
KF848938.1 915 T C 0,26%
KF848938.1 987 A G 0,22%
KF848938.1 1008 T G 0,27%
KF848938.1 1031 A G 0,28%
KF848938.1 1043 A G 0,24%
KF848938.1 1056 T C 0,2%
KF848938.1 1086 A G 0,33%
KF848938.1 1089 A G 0,22%
KF848938.1 1213 A G 0,24%
KF848938.1 1260 A C 0,3%
KF848938.1 1264 T C 0,26%
KF848938.1 1280 T C 0,25%
KF848938.1 1281 T C 0,22%
KF848938.1 1286 T C 0,2%
KF848938.1 1339 T C 0,41%
KF848938.1 1358 A G 0,26%
KF848938.1 1398 T C 0,2%
KF848938.1 1421 A G 0,31%
KF848938.1 1460 A G 0,34%
KF848938.1 1482 A G 0,24%
KF848938.1 1580 T C 0,25%
KF848938.1 1591 T C 0,29%
